<?xml version="1.0" encoding="UTF-8"?>
<project-private xmlns="http://www.netbeans.org/ns/project-private/1">
    <editor-bookmarks xmlns="http://www.netbeans.org/ns/editor-bookmarks/2" lastBookmarkId="0"/>
    <open-files xmlns="http://www.netbeans.org/ns/projectui-open-files/2">
        <group>
            <file>file:/C:/Users/engdi/OneDrive/المستندات/NetBeansProjects/SalonApp/src/SalonApp.java</file>
            <file>file:/C:/Users/engdi/OneDrive/المستندات/NetBeansProjects/SalonApp/src/LoginWindow.java</file>
            <file>file:/C:/Users/engdi/OneDrive/المستندات/NetBeansProjects/SalonApp/src/MenuWindow.java</file>
            <file>file:/C:/Users/engdi/OneDrive/المستندات/NetBeansProjects/SalonApp/src/SignupWindow.java</file>
            <file>file:/C:/Users/engdi/OneDrive/المستندات/NetBeansProjects/SalonApp/src/BookingWindow.java</file>
        </group>
    </open-files>
</project-private>
